backend,model,physical_tenants,repetition,rss_mib,pss_mib,private_mib,warmup_requests_per_unit,memory_samples,timestamp_unix
wasmtime,random_forest,1,1,37.406250000,35.250976562,35.156250000,100,5,1787785140.560976
wasmtime,random_forest,1,2,35.777343750,33.650390625,33.554687500,100,5,1787785142.438918
wasmtime,random_forest,1,3,37.289062500,35.158203125,35.062500000,100,5,1787785144.322025
wasmtime,random_forest,1,4,35.218750000,33.062500000,32.953125000,100,5,1787785146.202379
wasmtime,random_forest,1,5,36.273437500,34.146484375,34.050781250,100,5,1787785148.085870
wasmtime,random_forest,1,6,35.992187500,33.855468750,33.757812500,100,5,1787785150.018366
wasmtime,random_forest,1,7,37.074218750,34.937500000,34.839843750,100,5,1787785151.963098
wasmtime,random_forest,1,8,36.351562500,34.214843750,34.140625000,100,5,1787785153.847958
wasmtime,random_forest,1,9,35.871093750,33.737304688,33.660156250,100,5,1787785155.726413
wasmtime,random_forest,1,10,36.710937500,34.577148438,34.500000000,100,5,1787785157.611697
wasmtime,random_forest,1,11,35.976562500,33.811523438,33.707031250,100,5,1787785159.488400
wasmtime,random_forest,1,12,36.433593750,34.297851562,34.230468750,100,5,1787785161.427187
wasmtime,random_forest,1,13,35.414062500,33.271484375,33.187500000,100,5,1787785163.307866
wasmtime,random_forest,1,14,36.816406250,34.646679687,34.539062500,100,5,1787785165.175944
wasmtime,random_forest,1,15,35.527343750,33.399414062,33.332031250,100,5,1787785167.108231
wasmtime,random_forest,1,16,34.566406250,32.429687500,32.332031250,100,5,1787785168.988366
wasmtime,random_forest,1,17,36.324218750,34.159179688,34.054687500,100,5,1787785170.926902
wasmtime,random_forest,1,18,37.515625000,35.379882812,35.312500000,100,5,1787785172.814562
wasmtime,random_forest,1,19,36.902343750,34.769531250,34.691406250,100,5,1787785174.689898
wasmtime,random_forest,1,20,36.445312500,34.312500000,34.234375000,100,5,1787785176.571377
wasmtime,random_forest,20,1,37.031250000,34.300781250,34.187500000,100,5,1787785395.282972
wasmtime,random_forest,20,2,37.734375000,35.004882812,34.906250000,100,5,1787785397.820947
wasmtime,random_forest,20,3,37.875000000,35.170898438,35.050781250,100,5,1787785400.085807
wasmtime,random_forest,20,4,36.414062500,33.685546875,33.585937500,100,5,1787785402.555550
wasmtime,random_forest,20,5,36.410156250,33.713867188,33.601562500,100,5,1787785405.003355
wasmtime,random_forest,20,6,36.992187500,34.280273438,34.160156250,100,5,1787785407.576968
wasmtime,random_forest,20,7,38.160156250,35.431640625,35.332031250,100,5,1787785410.143700
wasmtime,random_forest,20,8,37.812500000,35.069335938,34.937500000,100,5,1787785412.778955
wasmtime,random_forest,20,9,36.855468750,34.108398438,33.992187500,100,5,1787785415.350458
wasmtime,random_forest,20,10,37.558593750,34.846679688,34.726562500,100,5,1787785417.907072
wasmtime,random_forest,20,11,37.433593750,34.694335938,34.562500000,100,5,1787785420.491547
wasmtime,random_forest,20,12,35.859375000,33.162109375,33.050781250,100,5,1787785423.011218
wasmtime,random_forest,20,13,36.097656250,33.389648438,33.269531250,100,5,1787785425.542067
wasmtime,random_forest,20,14,35.523437500,32.776367188,32.660156250,100,5,1787785428.049804
wasmtime,random_forest,20,15,36.773437500,34.068359375,33.949218750,100,5,1787785430.562696
wasmtime,random_forest,20,16,35.976562500,33.247070312,33.148437500,100,5,1787785433.082644
wasmtime,random_forest,20,17,35.621093750,32.889648438,32.777343750,100,5,1787785435.591637
wasmtime,random_forest,20,18,36.226562500,33.479492188,33.363281250,100,5,1787785438.095070
wasmtime,random_forest,20,19,36.246093750,33.502929688,33.371093750,100,5,1787785440.605789
wasmtime,random_forest,20,20,36.878906250,34.135742188,34.003906250,100,5,1787785443.136848
wasmtime,random_forest,100,1,39.441406250,34.243164062,34.132812500,100,5,1787785447.999750
wasmtime,random_forest,100,2,39.246093750,34.016601562,33.914062500,100,5,1787785452.725926
wasmtime,random_forest,100,3,39.898437500,34.677734375,34.578125000,100,5,1787785457.207299
wasmtime,random_forest,100,4,41.101562500,35.904296875,35.792968750,100,5,1787785461.384840
wasmtime,random_forest,100,5,39.609375000,34.381835938,34.273437500,100,5,1787785465.332210
wasmtime,random_forest,100,6,39.214843750,33.994140625,33.894531250,100,5,1787785469.278180
wasmtime,random_forest,100,7,39.984375000,34.763671875,34.664062500,100,5,1787785473.732949
wasmtime,random_forest,100,8,39.878906250,34.649414062,34.550781250,100,5,1787785477.690600
wasmtime,random_forest,100,9,39.375000000,34.169921875,34.050781250,100,5,1787785482.054318
wasmtime,random_forest,100,10,39.515625000,34.270507812,34.136718750,100,5,1787785486.472719
wasmtime,random_forest,100,11,39.093750000,33.865234375,33.765625000,100,5,1787785490.932925
wasmtime,random_forest,100,12,40.296875000,35.052734375,34.917968750,100,5,1787785494.895810
wasmtime,random_forest,100,13,40.605468750,35.393554688,35.273437500,100,5,1787785499.266345
wasmtime,random_forest,100,14,39.531250000,34.301757812,34.199218750,100,5,1787785503.410554
wasmtime,random_forest,100,15,40.144531250,34.936523438,34.816406250,100,5,1787785507.614076
wasmtime,random_forest,100,16,38.632812500,33.451171875,33.343750000,100,5,1787785511.577499
wasmtime,random_forest,100,17,40.023437500,34.794726563,34.687500000,100,5,1787785516.104034
wasmtime,random_forest,100,18,38.968750000,33.771484375,33.660156250,100,5,1787785520.506725
wasmtime,random_forest,100,19,39.933593750,34.725585938,34.605468750,100,5,1787785524.738497
wasmtime,random_forest,100,20,39.359375000,34.147460938,34.027343750,100,5,1787785528.807700
wasmtime,random_forest,200,1,44.648437500,36.277343750,36.144531250,100,5,1787785534.839655
wasmtime,random_forest,200,2,44.195312500,35.841406250,35.742187500,100,5,1787785542.199601
wasmtime,random_forest,200,3,44.015625000,35.662109375,35.562500000,100,5,1787785548.828975
wasmtime,random_forest,200,4,43.578125000,35.208007812,35.074218750,100,5,1787785555.279708
wasmtime,random_forest,200,5,44.296875000,35.940429688,35.832031250,100,5,1787785561.966127
wasmtime,random_forest,200,6,43.902343750,35.580078125,35.468750000,100,5,1787785567.946872
wasmtime,random_forest,200,7,44.144531250,35.772460938,35.656250000,100,5,1787785574.588876
wasmtime,random_forest,200,8,44.898437500,36.543945312,36.441406250,100,5,1787785581.344796
wasmtime,random_forest,200,9,44.144531250,35.807617188,35.687500000,100,5,1787785587.534315
wasmtime,random_forest,200,10,44.593750000,36.259960937,36.140625000,100,5,1787785593.459658
wasmtime,random_forest,200,11,44.164062500,35.810156250,35.710937500,100,5,1787785600.148351
wasmtime,random_forest,200,12,43.804687500,35.450195312,35.351562500,100,5,1787785606.507772
wasmtime,random_forest,200,13,43.199218750,34.851171875,34.746093750,100,5,1787785612.967613
wasmtime,random_forest,200,14,44.835937500,36.499023438,36.378906250,100,5,1787785619.202933
wasmtime,random_forest,200,15,43.464843750,35.109960937,35.011718750,100,5,1787785625.692315
wasmtime,random_forest,200,16,43.992187500,35.644531250,35.539062500,100,5,1787785631.726610
wasmtime,random_forest,200,17,44.632812500,36.260742188,36.144531250,100,5,1787785638.023799
wasmtime,random_forest,200,18,45.074218750,36.706054688,36.574218750,100,5,1787785644.670517
wasmtime,random_forest,200,19,45.066406250,36.728515625,36.609375000,100,5,1787785652.012594
wasmtime,random_forest,200,20,43.968750000,35.610351562,35.500000000,100,5,1787785658.459355
