backend,pair,model_a,model_b,repetition,a_throughput_rps,a_p95_latency_ms,a_p99_latency_ms,a_error_rate,b_throughput_rps,b_p95_latency_ms,b_p99_latency_ms,b_error_rate,timestamp_unix
wasmtime,lr_svm,logistic_regression,svm,1,3984.76788379624,10.974267600000001,11.46098698,0.0,3985.3228248530686,10.973909,11.4415003,0.0,1788121703.749312
wasmtime,lr_svm,logistic_regression,svm,2,3569.9109590799585,10.14936905,10.6144779,0.0,3570.341583492988,10.1214534,10.64264541,0.0,1788121706.6433277
wasmtime,lr_svm,logistic_regression,svm,3,4253.910092301432,10.00216865,10.45557436,0.0,4227.242944528987,9.995252350000001,10.462732650000001,0.0,1788121709.350379
wasmtime,lr_svm,logistic_regression,svm,4,4911.959593687184,6.62502665,6.81159151,0.0,4876.201470847494,6.62120325,6.831692550000004,0.0,1788121711.8038747
wasmtime,lr_svm,logistic_regression,svm,5,3999.2494620755283,10.0373549,10.459850370000002,0.0,3975.580654711368,10.064963350000001,10.50225238,0.0,1788121714.5922093
wasmtime,lr_svm,logistic_regression,svm,6,4116.9758493508925,9.98554315,10.42515735,0.0,4092.4642298027265,9.9972858,10.441610630000001,0.0,1788121717.3480284
wasmtime,lr_svm,logistic_regression,svm,7,3939.9597259772536,10.0830543,10.482930790000001,0.0,3940.500380273568,10.089594049999999,10.510149,0.0,1788121720.1704886
wasmtime,lr_svm,logistic_regression,svm,8,4259.4581763871865,9.9276281,10.369916780000002,0.0,4232.887256773076,9.9579977,10.32716748,0.0,1788121722.8814242
wasmtime,lr_svm,logistic_regression,svm,9,4554.339429579503,9.8748643,10.29751697,0.0,4520.619438192454,9.8657382,10.27619172,0.0,1788121725.5223904
wasmtime,lr_svm,logistic_regression,svm,10,4842.077559605858,6.6420403,6.891671630000001,0.0,4808.248623150826,6.61804755,6.86518806,0.0,1788121728.0018053
wasmtime,lr_svm,logistic_regression,svm,11,4931.3965819854575,6.622126850000001,8.07052978000001,0.0,4895.339306062053,6.61972715,6.88895513,0.0,1788121730.4536152
wasmtime,lr_svm,logistic_regression,svm,12,4382.906516143042,10.05449125,10.50569906,0.0,4355.05747139635,10.061364750000001,10.572935670000001,0.0,1788121733.1335096
wasmtime,lr_svm,logistic_regression,svm,13,4843.868009421493,6.613395400000001,6.873369790000001,0.0,4806.110288115993,6.58375245,6.87984109,0.0,1788121735.602666
wasmtime,lr_svm,logistic_regression,svm,14,3319.876629223349,10.14608585,10.469757980000002,0.0,3303.7200545522655,10.135445350000001,10.552409350000001,0.0,1788121738.6497533
wasmtime,lr_svm,logistic_regression,svm,15,4887.254092564031,6.63582275,6.85107121,0.0,4852.570088242789,6.622726050000001,6.87530274,0.0,1788121741.2076323
wasmtime,lr_svm,logistic_regression,svm,16,3864.940036284661,9.9629385,10.33394898,0.0,3843.3129687224755,9.957437500000001,10.39335209,0.0,1788121744.0350983
wasmtime,lr_svm,logistic_regression,svm,17,4875.377511641704,6.637703350000001,6.86481944,0.0,4840.888392139401,6.62518575,6.88388544,0.0,1788121746.598335
wasmtime,lr_svm,logistic_regression,svm,18,4971.664555925295,6.5908299,6.853925210000002,0.0,4935.727333447012,6.58319565,6.7699819,0.0,1788121749.1470897
wasmtime,lr_svm,logistic_regression,svm,19,4045.6063403805583,10.16614365,10.552208310000001,0.0,4046.1719505556534,10.1736821,10.525658510000001,0.0,1788121751.9233303
wasmtime,lr_svm,logistic_regression,svm,20,4959.478007914249,6.587472,8.29733316000001,0.0,4923.606746737706,6.57280685,6.92313790000001,0.0,1788121754.3689964
wasmtime,lr_svm,logistic_regression,svm,21,4084.333570689157,10.0765206,10.52718229,0.0,4059.6017025650403,10.09003,10.5159304,0.0,1788121757.135016
wasmtime,lr_svm,logistic_regression,svm,22,4963.596133241014,6.62138445,6.861199160000003,0.0,4926.897356918244,6.61986995,6.8467257,0.0,1788121759.6802192
wasmtime,lr_svm,logistic_regression,svm,23,4160.403417547186,10.03427495,10.45926881,0.0,4134.899813235194,10.03279535,10.4553582,0.0,1788121762.4233284
wasmtime,lr_svm,logistic_regression,svm,24,4824.883558597639,6.6465351,6.86629252,0.0,4785.953916725562,6.642975450000001,6.854530909999999,0.0,1788121765.0019684
wasmtime,lr_svm,logistic_regression,svm,25,3767.8632762245425,10.2347445,10.61315534,0.0,3747.270846224094,10.2377715,10.67758586,0.0,1788121767.87027
wasmtime,lr_svm,logistic_regression,svm,26,4467.134506995858,9.867819650000001,10.30623525,0.0,4438.3498881365895,9.8579434,10.35653919,0.0,1788121770.5303926
wasmtime,lr_svm,logistic_regression,svm,27,4881.796754141435,6.660674800000001,6.902824980000003,0.0,4882.444252479548,6.6478802,6.870041530000002,0.0,1788121772.9931998
wasmtime,lr_svm,logistic_regression,svm,28,4972.171612114423,6.58336325,7.847505320000011,0.0,4931.217440898102,6.5782787,6.797897160000003,0.0,1788121775.4427607
wasmtime,lr_svm,logistic_regression,svm,29,4031.856569336232,10.075858499999999,10.47706782,0.0,4007.746959398327,10.08966005,10.48252389,0.0,1788121778.223698
wasmtime,lr_svm,logistic_regression,svm,30,4855.930008087651,6.719883200000001,7.738813230000003,0.0,4821.815210418399,6.696945800000001,7.632581820000006,0.0,1788121780.7961836
wasmtime,lr_svm,logistic_regression,svm,31,4856.6933590847375,6.65229625,6.885367320000002,0.0,4822.305422800425,6.65664705,6.92012094,0.0,1788121783.2657769
wasmtime,lr_svm,logistic_regression,svm,32,4124.794189641933,10.0366021,10.429273910000001,0.0,4097.946998486826,10.06167635,10.44782384,0.0,1788121786.0220952
wasmtime,lr_svm,logistic_regression,svm,33,4115.0804234638745,9.9150027,10.35055136,0.0,4090.476346471942,9.92708335,10.33412013,0.0,1788121788.7766585
wasmtime,lr_svm,logistic_regression,svm,34,4887.635350521207,6.662170649999999,8.56783234000001,0.0,4852.747012672856,6.6570354,8.169894789999999,0.0,1788121791.2394724
wasmtime,lr_svm,logistic_regression,svm,35,4247.516471559163,9.987208149999999,10.4041057,0.0,4221.669967973501,10.00516945,10.44123935,0.0,1788121793.953385
wasmtime,lr_svm,logistic_regression,svm,36,4809.0445628380585,6.6778934,7.041781600000009,0.0,4775.994587295986,6.643017749999999,6.95149903,0.0,1788121796.4268174
wasmtime,lr_svm,logistic_regression,svm,37,4849.0212576745,6.666476800000001,6.8324812800000005,0.0,4814.630479139689,6.64020815,6.8098130900000005,0.0,1788121798.8993979
wasmtime,lr_svm,logistic_regression,svm,38,4892.549040302761,6.63050305,7.940555980000001,0.0,4856.995490916512,6.6397203,7.758923160000003,0.0,1788121801.3611767
wasmtime,lr_svm,logistic_regression,svm,39,4871.550251887562,6.5798798,6.80261118,0.0,4837.4671488708655,6.5641717,6.8015369,0.0,1788121803.8229458
wasmtime,lr_svm,logistic_regression,svm,40,4819.489421588793,6.6699772500000005,6.92893164,0.0,4785.173598457972,6.67328575,6.9643035200000005,0.0,1788121806.2992294
wasmtime,lr_svm,logistic_regression,svm,41,4853.209527267939,6.6850776,7.944154590000001,0.0,4819.082018622807,6.66670705,8.45021236,0.0,1788121808.7701106
wasmtime,lr_svm,logistic_regression,svm,42,4889.844503568702,6.6647851000000005,7.8290295800000065,0.0,4854.907545027511,6.6640885,7.8638338600000015,0.0,1788121811.233322
wasmtime,lr_svm,logistic_regression,svm,43,4906.684554372937,6.6311733,6.964428020000001,0.0,4871.092893065313,6.6198971,6.937012850000005,0.0,1788121813.6903954
wasmtime,lr_svm,logistic_regression,svm,44,4826.791264613751,6.743797700000001,9.073017080000007,0.0,4792.538402006604,6.7336016,8.157036510000006,0.0,1788121816.1642504
wasmtime,lr_svm,logistic_regression,svm,45,4833.788734321353,6.7016098,7.42466560000001,0.0,4834.436096902212,6.558846700000002,6.83284324,0.0,1788121818.640302
wasmtime,lr_svm,logistic_regression,svm,46,4845.577295355303,6.63715025,6.89410016,0.0,4846.227445524657,6.62480985,6.90501405,0.0,1788121821.1096323
wasmtime,lr_svm,logistic_regression,svm,47,4708.204234742191,6.75238885,7.043669690000001,0.0,4676.522340691491,6.7722606,7.05490201,0.0,1788121823.6109493
wasmtime,lr_svm,logistic_regression,svm,48,4818.99567007642,6.669859199999999,6.86627927,0.0,4781.451357509041,6.6663581999999995,6.859893100000002,0.0,1788121826.1022077
wasmtime,lr_svm,logistic_regression,svm,49,4950.9612624886795,6.5991682,8.03521478000001,0.0,4915.019856602546,6.59381465,6.849799120000004,0.0,1788121828.5527184
wasmtime,lr_svm,logistic_regression,svm,50,4962.7538340523315,6.570191250000001,6.882610380000002,0.0,4926.797000991713,6.55395575,6.771373310000002,0.0,1788121831.0009296
wasmtime,lr_svm,logistic_regression,svm,51,4702.699278535092,6.7445859,7.00699316,0.0,4670.087645832133,6.74984705,7.0207250100000005,0.0,1788121833.52138
wasmtime,lr_svm,logistic_regression,svm,52,4869.808173672816,6.6601880499999995,6.902895160000001,0.0,4833.5976404412795,6.667768,6.89275429,0.0,1788121836.0104675
wasmtime,lr_svm,logistic_regression,svm,53,4066.5590134097847,9.90147475,10.32840404,0.0,4067.1354245850544,9.924303550000001,10.36731276,0.0,1788121838.776006
wasmtime,lr_svm,logistic_regression,svm,54,4889.5640951314535,6.633197750000001,6.890098720000001,0.0,4854.390837926167,6.6250539,6.86940185,0.0,1788121841.2396846
wasmtime,lr_svm,logistic_regression,svm,55,4925.420390858898,6.5692552,6.813150210000002,0.0,4890.446520934107,6.58971125,6.79875272,0.0,1788121843.693184
wasmtime,lr_svm,logistic_regression,svm,56,4906.683697848625,6.6160947000000006,6.888203470000001,0.0,4907.34229636259,6.61785055,6.860968540000002,0.0,1788121846.1511447
wasmtime,lr_svm,logistic_regression,svm,57,4824.818768788667,6.5979757,6.817382729999999,0.0,4790.65487887972,6.5890673,6.8253204400000005,0.0,1788121848.626396
wasmtime,lr_svm,logistic_regression,svm,58,4865.770452098156,6.64884165,6.854732500000001,0.0,4831.266086812803,6.637796499999999,6.865590620000002,0.0,1788121851.0937138
wasmtime,lr_svm,logistic_regression,svm,59,4916.771579083854,6.59110995,6.78640926,0.0,4881.262808792537,6.57932995,6.79292165,0.0,1788121853.5506215
wasmtime,lr_svm,logistic_regression,svm,60,4822.016487093675,6.646720800000001,6.9574589300000005,0.0,4787.150329142576,6.6333494,6.960893690000001,0.0,1788121856.0463269
